{"cameraMode":{"drawMode":0,"name":"Shaded","section":"Shading Mode"},"sceneLighting":true,"audioPlay":false,"sceneViewState":{"showFog":true,"showMaterialUpdate":false,"showSkybox":true,"showFlares":true,"showImageEffects":true,"showParticleSystems":true},"in2DMode":false,"pivot":{"x":-0.3012542724609375,"y":0.36279296875,"z":0.09375},"rotation":{"x":0.08091159164905548,"y":0.002390236360952258,"z":-0.00019794231047853827,"w":0.9967184066772461},"size":23.692676544189454,"orthographic":true}